https://seancdavis-com.netlify.app/*  https://www.seancdavis.com/:splat  302!
https://www.seancdavis.me/*  https://www.seancdavis.com/:splat  302!
https://seancdavis.com/*  https://www.seancdavis.com/:splat  302!
https://seancdavis.me/*  https://www.seancdavis.com/:splat  302!
/twenty-ninety/*  https://twenty-ninety.netlify.app/twenty-ninety/:splat  200

/blog/deploy-static-api-zeit  /topics-static-api-vercel  301:splat    301

#
# --- Content types move (Dec 2021) ---
#

# Posts

/blog/10-unspoken-developer-truths/   /posts/10-unspoken-developer-truths/    301
/blog/100-free-css-resources/   /posts/100-free-css-resources/    301
/blog/3-reasons-to-share-lifes-intimate-details/    /posts/3-reasons-to-share-lifes-intimate-details/   301
/blog/3-things-that-make-devs-happy/    /posts/3-things-that-make-devs-happy/   301
/blog/4-major-changes-when-quitting-to-freelance/   /posts/4-major-changes-when-quitting-to-freelance/    301
/blog/4-reasons-to-work-on-side-projects/   /posts/4-reasons-to-work-on-side-projects/    301
/blog/4-ways-to-pass-arguments-to-a-rake-task/    /posts/4-ways-to-pass-arguments-to-a-rake-task/   301
/blog/5-essential-mac-apps/   /posts/5-essential-mac-apps/    301
/blog/5-tips-to-keep-your-password-safe-and-secure/   /posts/5-tips-to-keep-your-password-safe-and-secure/    301
/blog/7-awesome-sqlite-quirks/    /posts/7-awesome-sqlite-quirks/   301
/blog/8-best-animation-software-2021/   /posts/8-best-animation-software-2021/    301
/blog/a-has-many-relationship-within-a-single-model-in-rails/   /posts/a-has-many-relationship-within-a-single-model-in-rails/    301
/blog/a-product-you-can-build-in-a-day-that-you-shouldnt-build-in-a-day/    /posts/a-product-you-can-build-in-a-day-that-you-shouldnt-build-in-a-day/   301
/blog/a-puzzle-without-a-box/   /posts/a-puzzle-without-a-box/    301
/blog/a-quicker-way-to-compare-multiple-equals-operators-in-ruby/   /posts/a-quicker-way-to-compare-multiple-equals-operators-in-ruby/    301
/blog/absolute-vs-relative-positioning/   /posts/absolute-vs-relative-positioning/    301
/blog/access-a-deleted-class-rails-migration/   /posts/access-a-deleted-class-rails-migration/    301
/blog/access-site-object-within-jekyll-filter/    /posts/access-site-object-within-jekyll-filter/   301
/blog/act-on-inspiration-before-it-runs-away/   /posts/act-on-inspiration-before-it-runs-away/    301
/blog/add-console-to-ruby-project/    /posts/add-console-to-ruby-project/   301
/blog/add-custom-css-to-sharepoint-2010-without-master-page/    /posts/add-custom-css-to-sharepoint-2010-without-master-page/   301
/blog/add-custom-javascript-and-stylesheets-from-sharepoint-master-page/    /posts/add-custom-javascript-and-stylesheets-from-sharepoint-master-page/   301
/blog/add-rake-to-any-project/    /posts/add-rake-to-any-project/   301
/blog/add-reload-method-to-ruby-console/    /posts/add-reload-method-to-ruby-console/   301
/blog/add-search-to-acts-as-taggable-on-postgresql-context/   /posts/add-search-to-acts-as-taggable-on-postgresql-context/    301
/blog/add-static-directory-to-eleventy/   /posts/add-static-directory-to-eleventy/    301
/blog/add-typekit-to-jekyll/    /posts/add-typekit-to-jekyll/   301
/blog/add-typekit-to-middleman/   /posts/add-typekit-to-middleman/    301
/blog/alternative-approach-to-limited-budget-projects/    /posts/alternative-approach-to-limited-budget-projects/   301
/blog/animated-dot-background-canvas/   /posts/animated-dot-background-canvas/    301
/blog/api-driven-or-git-based-cms/    /posts/api-driven-or-git-based-cms/   301
/blog/apple-m1-js-memory-error/   /posts/apple-m1-js-memory-error/    301
/blog/backup-gitlab-data-and-repositories-to-amazon-s3/   /posts/backup-gitlab-data-and-repositories-to-amazon-s3/    301
/blog/backup-your-code-and-develop-cross-platform-using-git/    /posts/backup-your-code-and-develop-cross-platform-using-git/   301
/blog/balance-belongs-in-everything-you-do/   /posts/balance-belongs-in-everything-you-do/    301
/blog/balancing-cms-productivity-flexibility/   /posts/balancing-cms-productivity-flexibility/    301
/blog/be-a-pro-googler/   /posts/be-a-pro-googler/    301
/blog/beginners-guide-z-index/    /posts/beginners-guide-z-index/   301
/blog/being-busy-isnt-an-excuse/    /posts/being-busy-isnt-an-excuse/   301
/blog/better-website-performance-pixelated-placeholder-images/    /posts/better-website-performance-pixelated-placeholder-images/   301
/blog/bi-directional-has-and-belongs-to-many-on-a-single-model-in-rails/    /posts/bi-directional-has-and-belongs-to-many-on-a-single-model-in-rails/   301
/blog/big-oops-few-old-notifications/   /posts/big-oops-few-old-notifications/    301
/blog/big-oops-need-more-time/    /posts/big-oops-need-more-time/   301
/blog/big-oops/   /posts/big-oops/    301
/blog/build-a-team-of-a-players/    /posts/build-a-team-of-a-players/   301
/blog/build-cms-dont-build-cms/   /posts/build-cms-dont-build-cms/    301
/blog/build-deploy-dynamic-site-hour-free/    /posts/build-deploy-dynamic-site-hour-free/   301
/blog/build-jamstack-sites-faster-with-conventional-tooling/    /posts/build-jamstack-sites-faster-with-conventional-tooling/   301
/blog/build-static-api-gatsby/    /posts/build-static-api-gatsby/   301
/blog/building-static-api-eleventy/   /posts/building-static-api-eleventy/    301
/blog/building-static-api-middleman/    /posts/building-static-api-middleman/   301
/blog/building-static-api-nodejs/   /posts/building-static-api-nodejs/    301
/blog/bulk-resize-images-rake-imagemagick/    /posts/bulk-resize-images-rake-imagemagick/   301
/blog/caml-query-builder-for-sharepoint-2010/   /posts/caml-query-builder-for-sharepoint-2010/    301
/blog/categories-and-tags-explained/    /posts/categories-and-tags-explained/   301
/blog/change-css-iframe/    /posts/change-css-iframe/   301
/blog/change-primary-key-sequelize/   /posts/change-primary-key-sequelize/    301
/blog/change-resolution-on-parallels-desktop-windows-7-for-retina-display/    /posts/change-resolution-on-parallels-desktop-windows-7-for-retina-display/   301
/blog/check-if-a-file-is-binary-or-text-in-ruby/    /posts/check-if-a-file-is-binary-or-text-in-ruby/   301
/blog/choose-the-right-tool-for-the-job/    /posts/choose-the-right-tool-for-the-job/   301
/blog/cleaning-up-nested-conditionals/    /posts/cleaning-up-nested-conditionals/   301
/blog/cmd-k-terminal-shortcut/    /posts/cmd-k-terminal-shortcut/   301
/blog/collaborate-on-github-gist/   /posts/collaborate-on-github-gist/    301
/blog/command-line-scripts-using-ruby/    /posts/command-line-scripts-using-ruby/   301
/blog/commit-github-actions-code-changes/   /posts/commit-github-actions-code-changes/    301
/blog/compile-es6-code-gulp-babel-part-1/   /posts/compile-es6-code-gulp-babel-part-1/    301
/blog/compile-es6-code-gulp-babel-part-2/   /posts/compile-es6-code-gulp-babel-part-2/    301
/blog/compile-es6-code-gulp-babel-part-3/   /posts/compile-es6-code-gulp-babel-part-3/    301
/blog/compile-es6-code-gulp-babel-part-4/   /posts/compile-es6-code-gulp-babel-part-4/    301
/blog/compile-es6-code-gulp-babel-part-5/   /posts/compile-es6-code-gulp-babel-part-5/    301
/blog/component-based-js-architecture/    /posts/component-based-js-architecture/   301
/blog/component-driven-css-cdcss/   /posts/component-driven-css-cdcss/    301
/blog/components-they-take-the-village/   /posts/components-they-take-the-village/    301
/blog/condition-email-notifications-netlify-forms-and-hooks/    /posts/condition-email-notifications-netlify-forms-and-hooks/   301
/blog/connect-to-a-remote-mysql-database-in-rails/    /posts/connect-to-a-remote-mysql-database-in-rails/   301
/blog/connect-to-multiple-databases-in-a-rake-task-with-rails/    /posts/connect-to-multiple-databases-in-a-rake-task-with-rails/   301
/blog/conquer-household-chores-using-the-ironing-approach/    /posts/conquer-household-chores-using-the-ironing-approach/   301
/blog/convert-form-data-to-json/    /posts/convert-form-data-to-json/   301
/blog/convert-pdf-to-image-with-dragonfly-and-rails/    /posts/convert-pdf-to-image-with-dragonfly-and-rails/   301
/blog/create-automatic-backup-by-installing-wamp-server-in-the-cloud/   /posts/create-automatic-backup-by-installing-wamp-server-in-the-cloud/    301
/blog/credentials-node-aws-sdk/   /posts/credentials-node-aws-sdk/    301
/blog/css-animations-quick-start-guide/   /posts/css-animations-quick-start-guide/    301
/blog/css-button-styling/   /posts/css-button-styling/    301
/blog/css-clearfix/   /posts/css-clearfix/    301
/blog/css-gradient-generator-rotating-text/   /posts/css-gradient-generator-rotating-text/    301
/blog/css-grid-layout-v-css-frameworks/   /posts/css-grid-layout-v-css-frameworks/    301
/blog/css-important-what-is-it/   /posts/css-important-what-is-it/    301
/blog/css-position-guide/   /posts/css-position-guide/    301
/blog/death-of-a-side-project/    /posts/death-of-a-side-project/   301
/blog/decreased-jekyll-build-5x-custom-asset-pipeline/    /posts/decreased-jekyll-build-5x-custom-asset-pipeline/   301
/blog/delete-full-words-terminal/   /posts/delete-full-words-terminal/    301
/blog/deploy-static-api-netlify/    /posts/deploy-static-api-netlify/   301
/blog/deploy-static-api-vercel/   /posts/deploy-static-api-vercel/    301
/blog/design-your-stack-for-the-new-developer/    /posts/design-your-stack-for-the-new-developer/   301
/blog/did-you-get-that-email-i-literally-just-sent-you/   /posts/did-you-get-that-email-i-literally-just-sent-you/    301
/blog/difference-between-equal-signs-javascript/    /posts/difference-between-equal-signs-javascript/   301
/blog/disable-rake-commands-in-a-rails-project/   /posts/disable-rake-commands-in-a-rails-project/    301
/blog/do-you-need-css-framework/    /posts/do-you-need-css-framework/   301
/blog/does-your-code-spark-joy/   /posts/does-your-code-spark-joy/    301
/blog/dont-do-stupid-shit-with-javascript/    /posts/dont-do-stupid-shit-with-javascript/   301
/blog/dont-let-time-control-you/    /posts/dont-let-time-control-you/   301
/blog/dont-overthink-slugs-ruby-rails/    /posts/dont-overthink-slugs-ruby-rails/   301
/blog/download-collection-of-images-from-url-using-ruby/    /posts/download-collection-of-images-from-url-using-ruby/   301
/blog/dynamic-attributes-on-instances-in-ruby/    /posts/dynamic-attributes-on-instances-in-ruby/   301
/blog/dynamic-json-pages-with-nextjs/   /posts/dynamic-json-pages-with-nextjs/    301
/blog/dynamic-pages-middleman-contentful/   /posts/dynamic-pages-middleman-contentful/    301
/blog/dynamic-routing-in-middleman/   /posts/dynamic-routing-in-middleman/    301
/blog/dynamic-tasks-gulp-4/   /posts/dynamic-tasks-gulp-4/    301
/blog/dynamically-add-javascript-and-css-files-to-your-website-using-javascript/    /posts/dynamically-add-javascript-and-css-files-to-your-website-using-javascript/   301
/blog/dynamically-change-netlify-form-name/   /posts/dynamically-change-netlify-form-name/    301
/blog/edit-files-efficiently-in-sharepoint/   /posts/edit-files-efficiently-in-sharepoint/    301
/blog/eleventy-server-components/   /posts/eleventy-server-components/    301
/blog/emergencies-are-usually-self-inflicted/   /posts/emergencies-are-usually-self-inflicted/    301
/blog/es6-build-pipeline-for-middleman-using-gulp/    /posts/es6-build-pipeline-for-middleman-using-gulp/   301
/blog/export-bear-notes-markdown-files/   /posts/export-bear-notes-markdown-files/    301
/blog/export-es6-class-globally-webpack/    /posts/export-es6-class-globally-webpack/   301
/blog/face-assumptions-directly/    /posts/face-assumptions-directly/   301
/blog/favorite-tool-managing-project-specific-environment-variables/    /posts/favorite-tool-managing-project-specific-environment-variables/   301
/blog/find-root-cause-by-asking-why/    /posts/find-root-cause-by-asking-why/   301
/blog/find-source-of-super-method-in-ruby/    /posts/find-source-of-super-method-in-ruby/   301
/blog/find-your-purpose-and-needs-through-wants/    /posts/find-your-purpose-and-needs-through-wants/   301
/blog/finish-your-pet-project/    /posts/finish-your-pet-project/   301
/blog/five-essential-mac-apps-for-developers/   /posts/five-essential-mac-apps-for-developers/    301
/blog/five-reasons-excited-about-astro/   /posts/five-reasons-excited-about-astro/    301
/blog/fix-yarn-integrity-check-failed/    /posts/fix-yarn-integrity-check-failed/   301
/blog/four-key-factors-build-v-buy-software/    /posts/four-key-factors-build-v-buy-software/   301
/blog/four-tips-for-refactoring-like-a-pro/   /posts/four-tips-for-refactoring-like-a-pro/    301
/blog/four-ways-to-write-run-ruby-script/   /posts/four-ways-to-write-run-ruby-script/    301
/blog/free-alternatives-to-github-for-private-git-hosting/    /posts/free-alternatives-to-github-for-private-git-hosting/   301
/blog/from-static-to-jamstack/    /posts/from-static-to-jamstack/   301
/blog/fullsize-loop-background-video-youtube/   /posts/fullsize-loop-background-video-youtube/    301
/blog/generate-meta-images-for-blog-posts-with-node/    /posts/generate-meta-images-for-blog-posts-with-node/   301
/blog/generate-random-markdown-files-node/    /posts/generate-random-markdown-files-node/   301
/blog/get-a-snapshot-of-mac-os-x-shell-commands/    /posts/get-a-snapshot-of-mac-os-x-shell-commands/   301
/blog/get-wordpress-post-content-outside-the-loop/    /posts/get-wordpress-post-content-outside-the-loop/   301
/blog/get-wordpress-post-tags-as-links/   /posts/get-wordpress-post-tags-as-links/    301
/blog/getting-previous-path-nextjs/   /posts/getting-previous-path-nextjs/    301
/blog/getting-started-with-postcss/   /posts/getting-started-with-postcss/    301
/blog/git-accept-merge-all-changes/   /posts/git-accept-merge-all-changes/    301
/blog/git-delete-multiple-local-branches/   /posts/git-delete-multiple-local-branches/    301
/blog/git-lfs-track-files-alread-committed/   /posts/git-lfs-track-files-alread-committed/    301
/blog/git-list-all-config-options/    /posts/git-list-all-config-options/   301
/blog/git-safe-force-push/    /posts/git-safe-force-push/   301
/blog/git-set-default-branch/   /posts/git-set-default-branch/    301
/blog/good-developers-dont-use-gps/   /posts/good-developers-dont-use-gps/    301
/blog/good-enough-milestone-not-result/   /posts/good-enough-milestone-not-result/    301
/blog/hide-recently-modified-panel-in-sharepoint-2010/    /posts/hide-recently-modified-panel-in-sharepoint-2010/   301
/blog/hiding-elements-in-a-sharepoint-dialog-box/   /posts/hiding-elements-in-a-sharepoint-dialog-box/    301
/blog/how-do-i-do-it-all/   /posts/how-do-i-do-it-all/    301
/blog/how-i-add-sketches-to-blog-posts/   /posts/how-i-add-sketches-to-blog-posts/    301
/blog/how-the-web-works/    /posts/how-the-web-works/   301
/blog/how-to-build-static-api/    /posts/how-to-build-static-api/   301
/blog/how-to-change-the-hostname-on-ubuntu-server/    /posts/how-to-change-the-hostname-on-ubuntu-server/   301
/blog/how-to-create-a-professional-email-signature/   /posts/how-to-create-a-professional-email-signature/    301
/blog/how-to-delete-a-git-tag/    /posts/how-to-delete-a-git-tag/   301
/blog/how-to-organize-freelance-bank-account/   /posts/how-to-organize-freelance-bank-account/    301
/blog/how-to-run-javascript-on-sharepoint-pages/    /posts/how-to-run-javascript-on-sharepoint-pages/   301
/blog/how-to-transition-from-carrierwave-to-dragonfly/    /posts/how-to-transition-from-carrierwave-to-dragonfly/   301
/blog/how-to-use-netlify-forms-with-gatsby/   /posts/how-to-use-netlify-forms-with-gatsby/    301
/blog/how-to-use-no-effectively/    /posts/how-to-use-no-effectively/   301
/blog/how-to-use-paper-trail-as-an-activity-feed/   /posts/how-to-use-paper-trail-as-an-activity-feed/    301
/blog/how-to-write-a-custom-rake-task/    /posts/how-to-write-a-custom-rake-task/   301
/blog/how-we-apply-the-rails-doctrine-to-the-jamstack/    /posts/how-we-apply-the-rails-doctrine-to-the-jamstack/   301
/blog/i-dont-hate-people-im-efficient/    /posts/i-dont-hate-people-im-efficient/   301
/blog/identify-liquid-bottlenecks-by-profiling-jekyll-build/    /posts/identify-liquid-bottlenecks-by-profiling-jekyll-build/   301
/blog/identifying-good-advice/    /posts/identifying-good-advice/   301
/blog/if-you-hate-the-code-you-are-writing/   /posts/if-you-hate-the-code-you-are-writing/    301
/blog/ignore-build-dir-issue-eleventy/    /posts/ignore-build-dir-issue-eleventy/   301
/blog/impossible-is-a-human-invention/    /posts/impossible-is-a-human-invention/   301
/blog/increase-developer-efficiency-by-establishing-conventions/    /posts/increase-developer-efficiency-by-establishing-conventions/   301
/blog/incrementing-variables-javascript/    /posts/incrementing-variables-javascript/   301
/blog/    /posts/   301
/blog/inherited-class-level-utilities-in-ruby/    /posts/inherited-class-level-utilities-in-ruby/   301
/blog/inline-style-attributes-svg-elements/   /posts/inline-style-attributes-svg-elements/    301
/blog/instantiate-a-class-from-a-string-in-rails/   /posts/instantiate-a-class-from-a-string-in-rails/    301
/blog/introducing-component-adapters-into-gatsby/   /posts/introducing-component-adapters-into-gatsby/    301
/blog/introducing-continuous-abstraction/   /posts/introducing-continuous-abstraction/    301
/blog/introducing-the-spinneret/    /posts/introducing-the-spinneret/   301
/blog/is-your-project-the-right-project/    /posts/is-your-project-the-right-project/   301
/blog/jamstack-evolution-and-redefinition/    /posts/jamstack-evolution-and-redefinition/   301
/blog/jamstack-journey-separate-content/    /posts/jamstack-journey-separate-content/   301
/blog/jamstack-journey-templatize-static-html/    /posts/jamstack-journey-templatize-static-html/   301
/blog/jamstack-journey-transforming-idea-to-website/    /posts/jamstack-journey-transforming-idea-to-website/   301
/blog/javascript-webpack-build-pipeline/    /posts/javascript-webpack-build-pipeline/   301
/blog/keep-notes-attached-to-their-subject/   /posts/keep-notes-attached-to-their-subject/    301
/blog/keep-stylesheets-organized-continuous-abstraction/    /posts/keep-stylesheets-organized-continuous-abstraction/   301
/blog/keep-your-css-files-organized/    /posts/keep-your-css-files-organized/   301
/blog/labels-in-gmail/    /posts/labels-in-gmail/   301
/blog/lazy-load-images-intersection-observer-api/   /posts/lazy-load-images-intersection-observer-api/    301
/blog/learn-by-solving-solved-problems/   /posts/learn-by-solving-solved-problems/    301
/blog/learn-git-in-an-hour/   /posts/learn-git-in-an-hour/    301
/blog/learning-how-to-code-a-website-for-beginners/   /posts/learning-how-to-code-a-website-for-beginners/    301
/blog/leaving-job-right-way/    /posts/leaving-job-right-way/   301
/blog/lets-talk-about-static-apis/    /posts/lets-talk-about-static-apis/   301
/blog/lifecycle-of-a-side-project/    /posts/lifecycle-of-a-side-project/   301
/blog/list-all-databases-on-mysql-server/   /posts/list-all-databases-on-mysql-server/    301
/blog/log-output-long-running-processes/    /posts/log-output-long-running-processes/   301
/blog/long-term-efficiency-through-conventions/   /posts/long-term-efficiency-through-conventions/    301
/blog/maintain-balance-by-checking-in/    /posts/maintain-balance-by-checking-in/   301
/blog/make-smarter-decisions-by-ignoring-sunk-costs/    /posts/make-smarter-decisions-by-ignoring-sunk-costs/   301
/blog/managing-money-as-a-freelancer/   /posts/managing-money-as-a-freelancer/    301
/blog/managing-multiple-distribution-channels/    /posts/managing-multiple-distribution-channels/   301
/blog/manipulate-iframe-content/    /posts/manipulate-iframe-content/   301
/blog/migrating-to-the-jamstack/    /posts/migrating-to-the-jamstack/   301
/blog/missing-piece-of-the-jamstack/    /posts/missing-piece-of-the-jamstack/   301
/blog/most-important-developer-question/    /posts/most-important-developer-question/   301
/blog/multi-line-environment-variables/   /posts/multi-line-environment-variables/    301
/blog/multiple-line-if-statement-in-coffeescript/   /posts/multiple-line-if-statement-in-coffeescript/    301
/blog/mutlicolored-dotted-grid-canvas/    /posts/mutlicolored-dotted-grid-canvas/   301
/blog/my-family-uses-slack-to-stay-in-touch/    /posts/my-family-uses-slack-to-stay-in-touch/   301
/blog/my-leap-of-faith/   /posts/my-leap-of-faith/    301
/blog/netlify-function-sends-conditional-email/   /posts/netlify-function-sends-conditional-email/    301
/blog/netlify-functions-email-notifications/    /posts/netlify-functions-email-notifications/   301
/blog/netlify-redirects-headers-with-eleventy/    /posts/netlify-redirects-headers-with-eleventy/   301
/blog/never-half-ass-two-things-whole-ass-one-thing/    /posts/never-half-ass-two-things-whole-ass-one-thing/   301
/blog/never-met-two-people-changed-my-life/   /posts/never-met-two-people-changed-my-life/    301
/blog/new-developers-should-not-write-tests/    /posts/new-developers-should-not-write-tests/   301
/blog/new-javascript-project-setup/   /posts/new-javascript-project-setup/    301
/blog/new-mac-dev-guide/    /posts/new-mac-dev-guide/   301
/blog/next-evolution-of-stackbit/   /posts/next-evolution-of-stackbit/    301
/blog/order-rails-query-by-virtual-attribute/   /posts/order-rails-query-by-virtual-attribute/    301
/blog/organize-components-by-keeping-related-files-close/   /posts/organize-components-by-keeping-related-files-close/    301
/blog/organizing-my-brain/    /posts/organizing-my-brain/   301
/blog/overthinking-css/   /posts/overthinking-css/    301
/blog/parse-webpage-post-to-slack/    /posts/parse-webpage-post-to-slack/   301
/blog/pass-func-as-arg-javascript/    /posts/pass-func-as-arg-javascript/   301
/blog/preview-emails-in-rails/    /posts/preview-emails-in-rails/   301
/blog/programmatically-create-json-pages-gatsby/    /posts/programmatically-create-json-pages-gatsby/   301
/blog/promisifying-node-functions/    /posts/promisifying-node-functions/   301
/blog/put-everything-on-github/   /posts/put-everything-on-github/    301
/blog/rails-has-many-through-polymorphic-association/   /posts/rails-has-many-through-polymorphic-association/    301
/blog/rails-heroku-redirect-root-domain-to-www/   /posts/rails-heroku-redirect-root-domain-to-www/    301
/blog/related-content-without-metadata-in-rails-using-tf-idf/   /posts/related-content-without-metadata-in-rails-using-tf-idf/    301
/blog/reload-page-with-javascript/    /posts/reload-page-with-javascript/   301
/blog/remember-4-things-when-performing/    /posts/remember-4-things-when-performing/   301
/blog/remote-work-all-or-nothing/   /posts/remote-work-all-or-nothing/    301
/blog/remote-work-already-doing-it/   /posts/remote-work-already-doing-it/    301
/blog/remove-html-extension-and-trailing-slash-in-nginx-config/   /posts/remove-html-extension-and-trailing-slash-in-nginx-config/    301
/blog/remove-the-www-from-a-url-with-nginx/   /posts/remove-the-www-from-a-url-with-nginx/    301
/blog/render-inline-svg-rails-middleman/    /posts/render-inline-svg-rails-middleman/   301
/blog/rethinking-email-as-a-to-do-list/   /posts/rethinking-email-as-a-to-do-list/    301
/blog/reverse-a-ruby-hash/    /posts/reverse-a-ruby-hash/   301
/blog/rgb-to-hex-and-vice-versa/    /posts/rgb-to-hex-and-vice-versa/   301
/blog/right-way-to-learn-javascript-2020/   /posts/right-way-to-learn-javascript-2020/    301
/blog/rollback-a-deleted-rails-migration/   /posts/rollback-a-deleted-rails-migration/    301
/blog/round-to-the-nearest-05-in-ruby/    /posts/round-to-the-nearest-05-in-ruby/   301
/blog/run-javascript-when-variable-exists/    /posts/run-javascript-when-variable-exists/   301
/blog/run-local-web-server-node/    /posts/run-local-web-server-node/   301
/blog/run-local-web-server-ruby/    /posts/run-local-web-server-ruby/   301
/blog/run-loop-n-times-javascript/    /posts/run-loop-n-times-javascript/   301
/blog/run-multiple-rails-servers-at-the-same-time/    /posts/run-multiple-rails-servers-at-the-same-time/   301
/blog/scaling-hybrid-app-using-jamstack/    /posts/scaling-hybrid-app-using-jamstack/   301
/blog/scrape-parse-webpage-ruby/    /posts/scrape-parse-webpage-ruby/   301
/blog/search-replace-multiple-lines-multiple-files-ruby/    /posts/search-replace-multiple-lines-multiple-files-ruby/   301
/blog/select-the-last-n-children-in-css/    /posts/select-the-last-n-children-in-css/   301
/blog/set-env-var-js-projects/    /posts/set-env-var-js-projects/   301
/blog/settling-down-jamstack/   /posts/settling-down-jamstack/    301
/blog/setup-ubuntu-for-web-development-in-one-command-and-some-config/    /posts/setup-ubuntu-for-web-development-in-one-command-and-some-config/   301
/blog/shared-human-experience/    /posts/shared-human-experience/   301
/blog/shove-a-big-mac-in-your-face/   /posts/shove-a-big-mac-in-your-face/    301
/blog/side-projects-will-make-you-a-better-developer/   /posts/side-projects-will-make-you-a-better-developer/    301
/blog/simple-looping-crossfade-image-slideshow/   /posts/simple-looping-crossfade-image-slideshow/    301
/blog/simplify-components-by-separating-logic-from-presentation-using-adapters/   /posts/simplify-components-by-separating-logic-from-presentation-using-adapters/    301
/blog/simplify-css-measurements-using-rem/    /posts/simplify-css-measurements-using-rem/   301
/blog/solution-to-task-list-woes/   /posts/solution-to-task-list-woes/    301
/blog/solving-problems-with-a-wedding-ring/   /posts/solving-problems-with-a-wedding-ring/    301
/blog/sometimes-i-break-my-rules/   /posts/sometimes-i-break-my-rules/    301
/blog/squash-all-commits-into-a-single-commit/    /posts/squash-all-commits-into-a-single-commit/   301
/blog/start-with-the-wins/    /posts/start-with-the-wins/   301
/blog/stop-making-the-same-spelling-mistakes/   /posts/stop-making-the-same-spelling-mistakes/    301
/blog/streamline-your-css-with-sass/    /posts/streamline-your-css-with-sass/   301
/blog/take-on-more-than-you-can-handle/   /posts/take-on-more-than-you-can-handle/    301
/blog/take-unconventional-breaks/   /posts/take-unconventional-breaks/    301
/blog/taking-balanced-approach-to-new-technology/   /posts/taking-balanced-approach-to-new-technology/    301
/blog/testing-session-storage-selenium-node/    /posts/testing-session-storage-selenium-node/   301
/blog/the-biggest-bug/    /posts/the-biggest-bug/   301
/blog/the-perfectly-flexible-page-building-experience/    /posts/the-perfectly-flexible-page-building-experience/   301
/blog/the-spinneret-issue-10/   /posts/the-spinneret-issue-10/    301
/blog/the-spinneret-issue-11/   /posts/the-spinneret-issue-11/    301
/blog/the-spinneret-issue-12/   /posts/the-spinneret-issue-12/    301
/blog/the-spinneret-issue-13/   /posts/the-spinneret-issue-13/    301
/blog/the-spinneret-issue-3/    /posts/the-spinneret-issue-3/   301
/blog/the-spinneret-issue-4/    /posts/the-spinneret-issue-4/   301
/blog/the-spinneret-issue-5/    /posts/the-spinneret-issue-5/   301
/blog/the-spinneret-issue-6/    /posts/the-spinneret-issue-6/   301
/blog/the-spinneret-issue-7/    /posts/the-spinneret-issue-7/   301
/blog/the-spinneret-issue-8/    /posts/the-spinneret-issue-8/   301
/blog/the-spinneret-issue-9/    /posts/the-spinneret-issue-9/   301
/blog/the-spinneret-june-2020/    /posts/the-spinneret-june-2020/   301
/blog/the-spinneret-may-2020/   /posts/the-spinneret-may-2020/    301
/blog/the-tattoo-rule/    /posts/the-tattoo-rule/   301
/blog/three-methods-logging-output-during-ruby-processes/   /posts/three-methods-logging-output-during-ruby-processes/    301
/blog/three-principles-good-css-design/   /posts/three-principles-good-css-design/    301
/blog/three-rules-keep-components-organized/    /posts/three-rules-keep-components-organized/   301
/blog/three-tools-validate-meta-tags-sharing/   /posts/three-tools-validate-meta-tags-sharing/    301
/blog/three-ways-to-add-image-to-github-readme/   /posts/three-ways-to-add-image-to-github-readme/    301
/blog/three-ways-to-visualize-file-structure/   /posts/three-ways-to-visualize-file-structure/    301
/blog/time-balance-how-we-manage-our-most-valauble-asset/   /posts/time-balance-how-we-manage-our-most-valauble-asset/    301
/blog/time-for-new-site/    /posts/time-for-new-site/   301
/blog/timeless-qualities-like-being-on-time/    /posts/timeless-qualities-like-being-on-time/   301
/blog/transition-between-database-adapters-in-rails/    /posts/transition-between-database-adapters-in-rails/   301
/blog/turbolinks-not-worth-the-effort/    /posts/turbolinks-not-worth-the-effort/   301
/blog/two-methods-for-writing-better-code/    /posts/two-methods-for-writing-better-code/   301
/blog/two-paychecks-per-month-automatic-savings-plan/   /posts/two-paychecks-per-month-automatic-savings-plan/    301
/blog/two-ways-to-keep-javascript-local/    /posts/two-ways-to-keep-javascript-local/   301
/blog/understanding-types-sqlite-node/    /posts/understanding-types-sqlite-node/   301
/blog/unwritten-rules-are-the-worst/    /posts/unwritten-rules-are-the-worst/   301
/blog/upgrading-homebrew-for-mac-os-x-yosemite/   /posts/upgrading-homebrew-for-mac-os-x-yosemite/    301
/blog/use-code-spell-checker/   /posts/use-code-spell-checker/    301
/blog/use-imgix-with-contentful/    /posts/use-imgix-with-contentful/   301
/blog/use-netlify-host-js-libraries/    /posts/use-netlify-host-js-libraries/   301
/blog/use-personal-goals-to-shape-everything-you-do/    /posts/use-personal-goals-to-shape-everything-you-do/   301
/blog/use-pnpm-with-netlify/    /posts/use-pnpm-with-netlify/   301
/blog/use-purge-css-to-optimize-jekyll/   /posts/use-purge-css-to-optimize-jekyll/    301
/blog/use-ruby-to-post-content-to-slack/    /posts/use-ruby-to-post-content-to-slack/   301
/blog/use-slack-for-rails-error-notification/   /posts/use-slack-for-rails-error-notification/    301
/blog/use-web-components-to-build-house-room-by-room/   /posts/use-web-components-to-build-house-room-by-room/    301
/blog/use-with-love-public-license/   /posts/use-with-love-public-license/    301
/blog/use-your-calendar-as-your-to-do-list/   /posts/use-your-calendar-as-your-to-do-list/    301
/blog/using-jquery-and-coffeescript-in-wordpress/   /posts/using-jquery-and-coffeescript-in-wordpress/    301
/blog/using-side-projects-as-creative-shifts/   /posts/using-side-projects-as-creative-shifts/    301
/blog/vscode-spell-checker-not-working/   /posts/vscode-spell-checker-not-working/    301
/blog/wait-until-all-images-loaded/   /posts/wait-until-all-images-loaded/    301
/blog/walk-discover/    /posts/walk-discover/   301
/blog/we-cant-do-it-all-on-our-own/   /posts/we-cant-do-it-all-on-our-own/    301
/blog/what-change-means-to-a-developer/   /posts/what-change-means-to-a-developer/    301
/blog/what-is-the-purpose-of-www-in-website-urls/   /posts/what-is-the-purpose-of-www-in-website-urls/    301
/blog/what-made-the-essence-of-jamstack-possible/   /posts/what-made-the-essence-of-jamstack-possible/    301
/blog/what-success-really-means/    /posts/what-success-really-means/   301
/blog/what-you-need-to-know-about-netlify-forms/    /posts/what-you-need-to-know-about-netlify-forms/   301
/blog/when-should-i-archive-my-gmail-messages/    /posts/when-should-i-archive-my-gmail-messages/   301
/blog/when-to-send-an-email/    /posts/when-to-send-an-email/   301
/blog/when-to-use-environment-variables/    /posts/when-to-use-environment-variables/   301
/blog/when-to-use-jpgs-pngs-and-gifs-on-the-web/    /posts/when-to-use-jpgs-pngs-and-gifs-on-the-web/   301
/blog/why-are-security-questions-still-a-thing/   /posts/why-are-security-questions-still-a-thing/    301
/blog/why-build-static-sites/   /posts/why-build-static-sites/    301
/blog/why-build-with-components/    /posts/why-build-with-components/   301
/blog/why-i-dont-use-has-and-belongs-to-many-in-rails/    /posts/why-i-dont-use-has-and-belongs-to-many-in-rails/   301
/blog/why-i-dont-use-mint-for-budgeting/    /posts/why-i-dont-use-mint-for-budgeting/   301
/blog/wise-words-from-warren/   /posts/wise-words-from-warren/    301
/blog/wordpress-is-not-easy/    /posts/wordpress-is-not-easy/   301
/blog/would-you-be-friends-with-your-company/   /posts/would-you-be-friends-with-your-company/    301
/blog/wtf-is-a-closure/   /posts/wtf-is-a-closure/    301
/blog/wtf-is-a-fixture/   /posts/wtf-is-a-fixture/    301
/blog/wtf-is-a-package-manager/   /posts/wtf-is-a-package-manager/    301
/blog/wtf-is-a-web-component/   /posts/wtf-is-a-web-component/    301
/blog/wtf-is-component-driven-development/    /posts/wtf-is-component-driven-development/   301
/blog/wtf-is-continuous-integration/    /posts/wtf-is-continuous-integration/   301
/blog/wtf-is-css/   /posts/wtf-is-css/    301
/blog/wtf-is-deep-for-each/   /posts/wtf-is-deep-for-each/    301
/blog/wtf-is-environment-variable/    /posts/wtf-is-environment-variable/   301
/blog/wtf-is-frontmatter/   /posts/wtf-is-frontmatter/    301
/blog/wtf-is-headless-cms/    /posts/wtf-is-headless-cms/   301
/blog/wtf-is-hoisting/    /posts/wtf-is-hoisting/   301
/blog/wtf-is-html/    /posts/wtf-is-html/   301
/blog/wtf-is-jamstack/    /posts/wtf-is-jamstack/   301
/blog/wtf-is-javascript/    /posts/wtf-is-javascript/   301
/blog/wtf-is-jest/    /posts/wtf-is-jest/   301
/blog/wtf-is-lodash/    /posts/wtf-is-lodash/   301
/blog/wtf-is-markdown/    /posts/wtf-is-markdown/   301
/blog/wtf-is-monorepo/    /posts/wtf-is-monorepo/   301
/blog/wtf-is-netlify/   /posts/wtf-is-netlify/    301
/blog/wtf-is-node/    /posts/wtf-is-node/   301
/blog/wtf-is-npm/   /posts/wtf-is-npm/    301
/blog/wtf-is-object-dig/    /posts/wtf-is-object-dig/   301
/blog/wtf-is-pnpm/    /posts/wtf-is-pnpm/   301
/blog/wtf-is-react/   /posts/wtf-is-react/    301
/blog/wtf-is-regression/    /posts/wtf-is-regression/   301
/blog/wtf-is-single-responsibility-principle/   /posts/wtf-is-single-responsibility-principle/    301
/blog/wtf-is-ssg/   /posts/wtf-is-ssg/    301
/blog/wtf-is-the-dom/   /posts/wtf-is-the-dom/    301
/blog/wtf-is-visual-regression-testing/   /posts/wtf-is-visual-regression-testing/    301
/blog/wtf-is-webpack/   /posts/wtf-is-webpack/    301
/blog/wtf-is-yaml/    /posts/wtf-is-yaml/   301
/blog/you-can-solve-every-problem/    /posts/you-can-solve-every-problem/   301
/blog/you-should-be-embarrassed-by-old-code/    /posts/you-should-be-embarrassed-by-old-code/   301
/blog/you-will-make-mistakes/   /posts/you-will-make-mistakes/    301
/blog/your-audience-doesnt-care-about-you-and-thats-awesome/    /posts/your-audience-doesnt-care-about-you-and-thats-awesome/   301
/blog/your-employees-arent-working-40-hours-per-week/   /posts/your-employees-arent-working-40-hours-per-week/    301
/blog/zero-to-functioning-netlify-function/   /posts/zero-to-functioning-netlify-function/    301

# Topics

/blog/tag/api/*               /topics/api/:splat                301
/blog/tag/babel/*             /topics/babel/:splat              301
/blog/tag/big-oops/*          /topics/big-oops/:splat           301
/blog/tag/bitbucket/*         /topics/bitbucket/:splat          301
/blog/tag/cms/*               /topics/cms/:splat                301
/blog/tag/coffeescript/*      /topics/coffeescript/:splat       301
/blog/tag/command-line/*      /topics/command-line/:splat       301
/blog/tag/communication/*     /topics/communication/:splat      301
/blog/tag/components/*        /topics/components/:splat         301
/blog/tag/contentful/*        /topics/contentful/:splat         301
/blog/tag/css/*               /topics/css/:splat                301
/blog/tag/design/*            /topics/design/:splat             301
/blog/tag/developer-advice/*  /topics/developer-advice/:splat   301
/blog/tag/eleventy/*          /topics/eleventy/:splat           301
/blog/tag/fauna/*             /topics/fauna/:splat              301
/blog/tag/gatsby/*            /topics/gatsby/:splat             301
/blog/tag/git/*               /topics/git/:splat                301
/blog/tag/github/*            /topics/github/:splat             301
/blog/tag/gitlab/*            /topics/gitlab/:splat             301
/blog/tag/gulp/*              /topics/gulp/:splat               301
/blog/tag/heroku/*            /topics/heroku/:splat             301
/blog/tag/html/*              /topics/html/:splat               301
/blog/tag/imgix/*             /topics/imgix/:splat              301
/blog/tag/inspiration/*       /topics/inspiration/:splat        301
/blog/tag/ionic/*             /topics/ionic/:splat              301
/blog/tag/jamstack/*          /topics/jamstack/:splat           301
/blog/tag/javascript/*        /topics/javascript/:splat         301
/blog/tag/jekyll/*            /topics/jekyll/:splat             301
/blog/tag/jquery/*            /topics/jquery/:splat             301
/blog/tag/middleman/*         /topics/middleman/:splat          301
/blog/tag/mysql/*             /topics/mysql/:splat              301
/blog/tag/netlify/*           /topics/netlify/:splat            301
/blog/tag/nextjs/*            /topics/nextjs/:splat             301
/blog/tag/nginx/*             /topics/nginx/:splat              301
/blog/tag/node/*              /topics/node/:splat               301
/blog/tag/npm/*               /topics/npm/:splat                301
/blog/tag/organization/*      /topics/organization/:splat       301
/blog/tag/pnpm/*              /topics/pnpm/:splat               301
/blog/tag/postgresql/*        /topics/postgresql/:splat         301
/blog/tag/productivity/*      /topics/productivity/:splat       301
/blog/tag/quick-tip/*         /topics/quick-tip/:splat          301
/blog/tag/rake/*              /topics/rake/:splat               301
/blog/tag/react/*             /topics/react/:splat              301
/blog/tag/repost-ample/*      /topics/repost-ample/:splat       301
/blog/tag/repost-grouparoo/*  /topics/repost-grouparoo/:splat   301
/blog/tag/repost-stackbit/*   /topics/repost-stackbit/:splat    301
/blog/tag/ruby-on-rails/*     /topics/ruby-on-rails/:splat      301
/blog/tag/ruby/*              /topics/ruby/:splat               301
/blog/tag/s3/*                /topics/s3/:splat                 301
/blog/tag/sass/*              /topics/sass/:splat               301
/blog/tag/sendgrid/*          /topics/sendgrid/:splat           301
/blog/tag/seo/*               /topics/seo/:splat                301
/blog/tag/sharepoint/*        /topics/sharepoint/:splat         301
/blog/tag/slack/*             /topics/slack/:splat              301
/blog/tag/spinneret/*         /topics/spinneret/:splat          301
/blog/tag/sqlite/*            /topics/sqlite/:splat             301
/blog/tag/svg/*               /topics/svg/:splat                301
/blog/tag/testing/*           /topics/testing/:splat            301
/blog/tag/ubuntu/*            /topics/ubuntu/:splat             301
/blog/tag/vercel/*            /topics/vercel/:splat             301
/blog/tag/vscode/*            /topics/vscode/:splat             301
/blog/tag/webpack/*           /topics/webpack/:splat            301
/blog/tag/wordpress/*         /topics/wordpress/:splat          301
/blog/tag/wtf/*               /topics/wtf/:splat                301
/blog/tag/yarn/*              /topics/yarn/:splat               301

# Contributors

/blog/author/evelina-brown/   /contributors/evelina-brown/  301
/blog/author/pratham/         /contributors/pratham/        301

# Demos

/blog/change-css-iframe/demo/*           /demos/change-css-iframe/:splat           301
/blog/manipulate-iframe-content/demo/*   /demos/manipulate-iframe-content/:splat   301

# News & Events

/news     /news-events  302
/events   /news-events  302
